functional,ecut_ry,kmesh,value_ev_atom,convergence_abs_mev_per_atom,scf_residual_abs_mev_per_atom,total_abs_mev_per_atom,relative_percent,quality_tier,source_file,reference_file
PBE,30,4,-2027.7186304129937,1106.9128072776562,1.3265550794919151e-08,1106.9128072776562,0.054589073191688674,Red,PBE_30_4_scf.out,PBE_90_10_scf.out
PBE,30,6,-2027.7171994104094,1108.343809861871,2.6190959261763452e-08,1108.343809861871,0.05465968381508719,Red,PBE_30_6_scf.out,PBE_90_10_scf.out
PBE,30,8,-2027.7182166604646,1107.3265598069054,2.5170532277538897e-09,1107.3265598069054,0.054609489164160516,Red,PBE_30_8_scf.out,PBE_90_10_scf.out
PBE,30,10,-2027.717875684788,1107.6675354836025,2.210925132486525e-08,1107.6675354836025,0.054626314082748234,Red,PBE_30_10_scf.out,PBE_90_10_scf.out
PBE,40,4,-2028.76868512395,56.85809632120801,2.006839735641615e-08,56.85809632120801,0.0028025913815667063,Red,PBE_40_4_scf.out,PBE_90_10_scf.out
PBE,40,6,-2028.7687069032631,56.836317008104245,7.142988889571849e-09,56.836317008104245,0.002801517827769528,Red,PBE_40_6_scf.out,PBE_90_10_scf.out
PBE,40,8,-2028.7686885219719,56.85469829940049,1.22451238106946e-08,56.85469829940049,0.002802423885042366,Red,PBE_40_8_scf.out,PBE_90_10_scf.out
PBE,40,10,-2028.7686814027934,56.86181747821284,1.258526613876945e-08,56.86181747821284,0.0028027748061891264,Red,PBE_40_10_scf.out,PBE_90_10_scf.out
PBE,50,4,-2028.8062298130305,19.3134072409297,2.3809962965239503e-08,19.3134072409297,0.0009519591845254522,Red,PBE_50_4_scf.out,PBE_90_10_scf.out
PBE,50,6,-2028.8062316532003,19.311567070905816,3.1973378839035897e-08,19.311567070905816,0.0009518684815537818,Red,PBE_50_6_scf.out,PBE_90_10_scf.out
PBE,50,8,-2028.806233738273,19.309481998520802,2.006839735641615e-08,19.309481998520802,0.0009517657072130145,Red,PBE_50_8_scf.out,PBE_90_10_scf.out
PBE,50,10,-2028.80623387433,19.30934594148164,1.5986689419517948e-08,19.30934594148164,0.0009517590008882886,Red,PBE_50_10_scf.out,PBE_90_10_scf.out
PBE,60,4,-2028.814193793253,11.349427018325612,1.29254084668443e-08,11.349427018325612,0.0005594118501855364,Amber,PBE_60_4_scf.out,PBE_90_10_scf.out
PBE,60,6,-2028.8141913306226,11.351889648723612,1.7007116403742498e-08,11.351889648723612,0.0005595332336116171,Amber,PBE_60_6_scf.out,PBE_90_10_scf.out
PBE,60,8,-2028.814189694538,11.35352573334343,2.17691089967904e-08,11.35352573334343,0.0005596138764710057,Amber,PBE_60_8_scf.out,PBE_90_10_scf.out
PBE,60,10,-2028.8141889836406,11.354236630715665,1.3605693122993999e-08,11.354236630715665,0.0005596489167104904,Amber,PBE_60_10_scf.out,PBE_90_10_scf.out
PBE,70,4,-2028.8214503964832,4.092823788393849,2.31296783090898e-08,4.092823788393849,0.0002017340553844207,Amber,PBE_70_4_scf.out,PBE_90_10_scf.out
PBE,70,6,-2028.8214507196183,4.092500653196527,1.054441217032035e-08,4.092500653196527,0.00020171812811545968,Amber,PBE_70_6_scf.out,PBE_90_10_scf.out
PBE,70,8,-2028.8214503046445,4.0929156267792735,2.278953598101495e-08,4.0929156267792735,0.00020173858207998976,Amber,PBE_70_8_scf.out,PBE_90_10_scf.out
PBE,70,10,-2028.8214486311444,4.094589126968851,8.8437005299461e-09,4.094589126968851,0.00020182106856823153,Amber,PBE_70_10_scf.out,PBE_90_10_scf.out
PBE,80,4,-2028.8248127374104,0.7304828610571696,1.1224696826470051e-08,0.7304828610571698,3.6005221173905056e-05,Green,PBE_80_4_scf.out,PBE_90_10_scf.out
PBE,80,6,-2028.8248141217894,0.7290984818824611,2.7211386245987998e-08,0.7290984818824616,3.593698562870072e-05,Green,PBE_80_6_scf.out,PBE_90_10_scf.out
PBE,80,8,-2028.8248138972958,0.7293229756103807,5.10213492112275e-09,0.7293229756103807,3.594805084276246e-05,Green,PBE_80_8_scf.out,PBE_90_10_scf.out
PBE,80,10,-2028.824814131994,0.7290882774111755,2.346982063716465e-08,0.7290882774111759,3.593648265402879e-05,Green,PBE_80_10_scf.out,PBE_90_10_scf.out
PBE,90,4,-2028.8255427338677,0.00048640364431479867,1.63268317475928e-08,0.0004864036445888154,2.3974641207118302e-08,Green,PBE_90_4_scf.out,PBE_90_10_scf.out
PBE,90,6,-2028.8255433019053,8.163422349696307e-05,2.7551528574062848e-08,8.16342281462797e-05,4.023718471792322e-09,Green,PBE_90_6_scf.out,PBE_90_10_scf.out
PBE,90,8,-2028.8255432678911,4.761973168832786e-05,1.3605693122993999e-08,4.761973363200619e-05,2.347157634623608e-09,Green,PBE_90_8_scf.out,PBE_90_10_scf.out
PBE,90,10,-2028.8255432202714,0.0,1.02042698422455e-08,1.02042698422455e-08,5.029643813557612e-13,Green,PBE_90_10_scf.out,PBE_90_10_scf.out
PBEsol,40,4,-2002.417479246702,56.78253030167302,2.7551528574062848e-08,56.78253030167302,0.00283569889347122,Red,PBEsol_40_4_scf.out,PBEsol_80_8_scf.out
PBEsol,40,6,-2002.417502420599,56.759356404613925,1.29254084668443e-08,56.759356404613925,0.00283454156468374,Red,PBEsol_40_6_scf.out,PBEsol_80_8_scf.out
PBEsol,40,8,-2002.4174832637832,56.778513220569344,1.83676857160419e-08,56.778513220569344,0.0028354982762148497,Red,PBEsol_40_8_scf.out,PBEsol_80_8_scf.out
PBEsol,60,4,-2002.463753668224,10.508108779637661,2.31296783090898e-08,10.508108779637661,0.0005247590005256437,Amber,PBEsol_60_4_scf.out,PBEsol_80_8_scf.out
PBEsol,60,6,-2002.4637510899452,10.510687058441608,1.1224696826470051e-08,10.510687058441608,0.0005248877565309545,Amber,PBEsol_60_6_scf.out,PBEsol_80_8_scf.out
PBEsol,60,8,-2002.4637494674662,10.512309537512191,5.78241957727245e-09,10.512309537512191,0.000524968781098176,Amber,PBEsol_60_8_scf.out,PBEsol_80_8_scf.out
PBEsol,80,4,-2002.4742607327667,0.0010442370408409118,1.054441217032035e-08,0.0010442370408941491,5.214733898811917e-08,Green,PBEsol_80_4_scf.out,PBEsol_80_8_scf.out
PBEsol,80,6,-2002.4742619878919,0.00021088817868225397,1.258526613876945e-08,0.0002108881790577822,1.0531380255965424e-08,Green,PBEsol_80_6_scf.out,PBEsol_80_8_scf.out
PBEsol,80,8,-2002.4742617770037,0.0,1.6666974075667648e-08,1.6666974075667648e-08,8.3231901621933e-13,Green,PBEsol_80_8_scf.out,PBEsol_80_8_scf.out
