functional,ecut_ry,kmesh,total_energy_ry,scf_accuracy_ry,scf_iterations,cpu_time_s,wall_time_s,converged,job_done,source_file,total_energy_ev_per_atom,delta_to_best_ev_cell,delta_to_best_mev_atom,abs_delta_to_best_mev_atom,reference_file
PBE,30,4,-5961.38281845,3.9e-11,5,6.96,9.22,True,True,PBE_30_4_scf.out,-2027.7186304129937,44.27651229110625,1106.9128072776562,1106.9128072776562,PBE_90_10_scf.out
PBE,30,6,-5961.37861138,7.7e-11,4,9.8,12.62,True,True,PBE_30_6_scf.out,-2027.7171994104094,44.33375239447484,1108.343809861871,1108.343809861871,PBE_90_10_scf.out
PBE,30,8,-5961.38160204,7.4e-12,3,14.62,18.48,True,True,PBE_30_8_scf.out,-2027.7182166604646,44.29306239227622,1107.3265598069054,1107.3265598069054,PBE_90_10_scf.out
PBE,30,10,-5961.38059959,6.5e-11,5,29.64,34.35,True,True,PBE_30_10_scf.out,-2027.717875684788,44.3067014193441,1107.6675354836025,1107.6675354836025,PBE_90_10_scf.out
PBE,40,4,-5964.46992236,5.9e-11,3,7.17,9.98,True,True,PBE_40_4_scf.out,-2028.76868512395,2.2743238528483203,56.85809632120801,56.85809632120801,PBE_90_10_scf.out
PBE,40,6,-5964.46998639,2.1e-11,3,10.68,13.44,True,True,PBE_40_6_scf.out,-2028.7687069032631,2.2734526803241697,56.836317008104245,56.836317008104245,PBE_90_10_scf.out
PBE,40,8,-5964.46993235,3.6e-11,5,24.04,28.28,True,True,PBE_40_8_scf.out,-2028.7686885219719,2.2741879319760194,56.85469829940049,56.85469829940049,PBE_90_10_scf.out
PBE,40,10,-5964.46991142,3.7e-11,7,50.96,57.41,True,True,PBE_40_10_scf.out,-2028.7686814027934,2.2744726991285136,56.86181747821284,56.86181747821284,PBE_90_10_scf.out
PBE,50,4,-5964.58030171,7e-11,5,11.61,14.51,True,True,PBE_50_4_scf.out,-2028.8062298130305,0.7725362896371879,19.3134072409297,19.3134072409297,PBE_90_10_scf.out
PBE,50,6,-5964.58030712,9.4e-11,5,18.41,22.56,True,True,PBE_50_6_scf.out,-2028.8062316532003,0.7724626828362327,19.311567070905816,19.311567070905816,PBE_90_10_scf.out
PBE,50,8,-5964.58031325,5.9e-11,5,32.05,37.22,True,True,PBE_50_8_scf.out,-2028.806233738273,0.772379279940832,19.309481998520802,19.309481998520802,PBE_90_10_scf.out
PBE,50,10,-5964.58031365,4.7e-11,7,61.42,69.64,True,True,PBE_50_10_scf.out,-2028.80623387433,0.7723738376592656,19.30934594148164,19.30934594148164,PBE_90_10_scf.out
PBE,60,4,-5964.60371538,3.8e-11,4,12.72,15.68,True,True,PBE_60_4_scf.out,-2028.814193793253,0.4539770807330245,11.349427018325612,11.349427018325612,PBE_90_10_scf.out
PBE,60,6,-5964.60370814,5e-11,8,28.01,32.4,True,True,PBE_60_6_scf.out,-2028.8141913306226,0.4540755859489445,11.351889648723612,11.351889648723612,PBE_90_10_scf.out
PBE,60,8,-5964.60370333,6.4e-11,6,42.85,49.06,True,True,PBE_60_8_scf.out,-2028.814189694538,0.45414102933373723,11.35352573334343,11.35352573334343,PBE_90_10_scf.out
PBE,60,10,-5964.60370124,4e-11,4,50.31,59.04,True,True,PBE_60_10_scf.out,-2028.8141889836406,0.4541694652286266,11.354236630715665,11.354236630715665,PBE_90_10_scf.out
PBE,70,4,-5964.6250494,6.8e-11,7,18.84,22.06,True,True,PBE_70_4_scf.out,-2028.8214503964832,0.16371295153575394,4.092823788393849,4.092823788393849,PBE_90_10_scf.out
PBE,70,6,-5964.62505035,3.1e-11,4,23.63,27.61,True,True,PBE_70_6_scf.out,-2028.8214507196183,0.16370002612786108,4.092500653196527,4.092500653196527,PBE_90_10_scf.out
PBE,70,8,-5964.62504913,6.7e-11,4,38.94,45.72,True,True,PBE_70_8_scf.out,-2028.8214503046445,0.16371662507117093,4.0929156267792735,4.0929156267792735,PBE_90_10_scf.out
PBE,70,10,-5964.62504421,2.6e-11,7,97.02,107.24,True,True,PBE_70_10_scf.out,-2028.8214486311444,0.16378356507875405,4.094589126968851,4.094589126968851,PBE_90_10_scf.out
PBE,80,4,-5964.6349345,3.3e-11,4,18.15,21.82,True,True,PBE_80_4_scf.out,-2028.8248127374104,0.029219314442286783,0.7304828610571696,0.7304828610571696,PBE_90_10_scf.out
PBE,80,6,-5964.63493857,8e-11,8,39.98,44.66,True,True,PBE_80_6_scf.out,-2028.8248141217894,0.029163939275298444,0.7290984818824611,0.7290984818824611,PBE_90_10_scf.out
PBE,80,8,-5964.63493791,1.5e-11,6,57.63,65.06,True,True,PBE_80_8_scf.out,-2028.8248138972958,0.02917291902441523,0.7293229756103807,0.7293229756103807,PBE_90_10_scf.out
PBE,80,10,-5964.6349386,6.9e-11,5,75.7,87.65,True,True,PBE_80_10_scf.out,-2028.824814131994,0.02916353109644702,0.7290882774111755,0.7290882774111755,PBE_90_10_scf.out
PBE,90,4,-5964.63708065,4.8e-11,5,23.0,26.06,True,True,PBE_90_4_scf.out,-2028.8255427338677,1.9456145772591946e-05,0.00048640364431479867,0.00048640364431479867,PBE_90_10_scf.out
PBE,90,6,-5964.63708232,8.1e-11,4,28.69,33.67,True,True,PBE_90_6_scf.out,-2028.8255433019053,-3.2653689398785224e-06,-8.163422349696307e-05,8.163422349696307e-05,PBE_90_10_scf.out
PBE,90,8,-5964.63708222,4e-11,4,54.93,62.33,True,True,PBE_90_8_scf.out,-2028.8255432678911,-1.9047892675331144e-06,-4.761973168832786e-05,4.761973168832786e-05,PBE_90_10_scf.out
PBE,90,10,-5964.63708208,3e-11,3,63.84,74.12,True,True,PBE_90_10_scf.out,-2028.8255432202714,0.0,0.0,0.0,PBE_90_10_scf.out
PBEsol,40,4,-5886.998806,8.1e-11,28,43.26,46.26,True,True,PBEsol_40_4_scf.out,-2002.417479246702,2.271301212066921,56.78253030167302,56.78253030167302,PBEsol_80_8_scf.out
PBEsol,40,6,-5886.99887413,3.8e-11,28,72.72,77.25,True,True,PBEsol_40_6_scf.out,-2002.417502420599,2.270374256184557,56.759356404613925,56.759356404613925,PBEsol_80_8_scf.out
PBEsol,40,8,-5886.99881781,5.4e-11,30,143.1,150.22,True,True,PBEsol_40_8_scf.out,-2002.4174832637832,2.271140528822774,56.778513220569344,56.778513220569344,PBEsol_80_8_scf.out
PBEsol,60,4,-5887.13485029,6.8e-11,48,94.62,98.75,True,True,PBEsol_60_4_scf.out,-2002.463753668224,0.42032435118550643,10.508108779637661,10.508108779637661,PBEsol_80_8_scf.out
PBEsol,60,6,-5887.13484271,3.3e-11,57,195.02,202.8,True,True,PBEsol_60_6_scf.out,-2002.4637510899452,0.42042748233766436,10.510687058441608,10.510687058441608,PBEsol_80_8_scf.out
PBEsol,60,8,-5887.13483794,1.7e-11,30,253.72,262.28,True,True,PBEsol_60_8_scf.out,-2002.4637494674662,0.4204923815004876,10.512309537512191,10.512309537512191,PBEsol_80_8_scf.out
PBEsol,80,4,-5887.16574049,3.1e-11,42,116.3,121.14,True,True,PBEsol_80_4_scf.out,-2002.4742607327667,4.176948163363647e-05,0.0010442370408409118,0.0010442370408409118,PBEsol_80_8_scf.out
PBEsol,80,6,-5887.16574418,3.7e-11,43,260.98,268.57,True,True,PBEsol_80_6_scf.out,-2002.4742619878919,-8.435527147290159e-06,-0.00021088817868225397,0.00021088817868225397,PBEsol_80_8_scf.out
PBEsol,80,8,-5887.16574356,4.9e-11,30,333.25,345.9,True,True,PBEsol_80_8_scf.out,-2002.4742617770037,0.0,0.0,0.0,PBEsol_80_8_scf.out
